;;;;;;;;;;;;;;;;;;;;;;
;I will use local seller based in the EU to avoid the new tarrif, (https://www.gme.cz/), I also included LCSC breakdown and downloadable cart.;;;;;;;;;;;;;;;;;;;;;
;;;;;;;;;;;;;;;;;;;;;;
;Breakdown from GME.CZ;;;;;;;;;;;;;;;;;;;;;
;Part:;Code:;Ordering quantity (MOQ):;Price (CZK):;;;;;;;;;;;;;;;;;;
;IRFR9024NTRPBF (same alternative);915-060;2;38;;;;;;;;;;;;;;;;;;
;IRLR2905PBF (same alternative);915-014;2;66;;;;;;;;;;;;;;;;;;
;100R 0805;901-212;4;20;;;;;;;;;;;;;;;;;;
;100nF 50V;906-096;7;15,4;;;;;;;;;;;;;;;;;;
;10K 0805;901-176;5;20;;;;;;;;;;;;;;;;;;
;SS34;920-028;4;32,4;;;;;;;;;;;;;;;;;;
;BC847;912-017;11;20,9;;;;;;;;;;;;;;;;;;
;1K 0805;901-029;5;15;;;;;;;;;;;;;;;;;;
;470uF 25V;908-032;3;27,26;1USD=20,85CZK;;;;;;;;;;;;;;;;;
;Local shipping;;;69;;;;;;;;;;;;;;;;;;
;;;TOTAL IN CZK:;323,96;;15,54USD;;;;;;;;;;;;;;;;
;;;;;;’+8,44USD;PCB From JLCPCB;;;;;;;;;;;;;;;
;;;;;TOTAL:;23,98USD;;;;;;;;;;;;;;;;
;;;;Amount for requesting:;;26USD;;;;;;;;;;;;;;;;
;;;;;;;;;;;;;;;;;;;;;;
;;;;;;;;;;;;;;;;;;;;;;
;;;;;;;;;;;;;;;;;;;;;;
;;;;;;;;;;;;;;;;;;;;;;
;;;;;;;;;;;;;;;;;;;;;;
;;;;;;;;;;;;;;;;;;;;;;
;;;;;;;;;;;;;;;;;;;;;;
;;;;;;;;;;;;;;;;;;;;;;
;;;;;;;;;;;;;;;;;;;;;;
;;;;;;;;;;;;;;;;;;;;;;
;;;;;;;;;;;;;;;;;;;;;;
;;;;;;;;;;;;;;;;;;;;;;
;;;;;;;;;;;;;;;;;;;;;;
;;;;;;;;;;;;;;;;;;;;;;
;;;;;;;;;;;;;;;;;;;;;;
;;;;;;;;;;;;;;;;;;;;;;
;;;;;;;;;;;;;;;;;;;;;;
;;;;;;;;;;;;;;;;;;;;;;
;;;;;;;;;;;;;;;;;;;;;;
;;;;;;;;;;;;;;;;;;;;;;
;;;;´+ 69CZK shipping;;;;;;;;;;;;;;;;;;
